{"cameraMode":{"drawMode":0,"name":"Shaded","section":"Shading Mode"},"sceneLighting":true,"audioPlay":false,"sceneViewState":{"showFog":true,"showMaterialUpdate":true,"showSkybox":true,"showFlares":true,"showImageEffects":true,"showParticleSystems":true},"in2DMode":false,"pivot":{"x":39.97239303588867,"y":-14.566425323486329,"z":-21.366043090820314},"rotation":{"x":0.030980069190263749,"y":-0.6742233633995056,"z":0.028341662138700486,"w":0.7373509407043457},"size":153.3792724609375,"orthographic":false}