{"cameraMode":{"drawMode":0,"name":"Shaded","section":"Shading Mode"},"sceneLighting":false,"audioPlay":false,"sceneViewState":{"showFog":true,"showMaterialUpdate":true,"showSkybox":false,"showFlares":true,"showImageEffects":true,"showParticleSystems":true},"in2DMode":false,"pivot":{"x":-25.316673278808595,"y":20.213836669921876,"z":-74.71142578125},"rotation":{"x":0.015362844802439213,"y":0.9184039831161499,"z":0.035836003720760348,"w":-0.3937191963195801},"size":9.780984878540039,"orthographic":false}