{"cameraMode":{"drawMode":0,"name":"Shaded","section":"Shading Mode"},"sceneLighting":false,"audioPlay":false,"sceneViewState":{"showFog":true,"showMaterialUpdate":false,"showSkybox":false,"showFlares":true,"showImageEffects":true,"showParticleSystems":true},"in2DMode":false,"pivot":{"x":22.299999237060548,"y":56.70000076293945,"z":-127.05999755859375},"rotation":{"x":0.10804087668657303,"y":0.4622824490070343,"z":-0.05686688795685768,"w":0.8782883882522583},"size":25.090042114257814,"orthographic":true}