{"cameraMode":{"drawMode":0,"name":"Shaded","section":"Shading Mode"},"sceneLighting":false,"audioPlay":false,"sceneViewState":{"showFog":true,"showMaterialUpdate":true,"showSkybox":false,"showFlares":true,"showImageEffects":true,"showParticleSystems":true},"in2DMode":false,"pivot":{"x":-41.279571533203128,"y":10.913902282714844,"z":-75.67579650878906},"rotation":{"x":0.31775540113449099,"y":0.2150391936302185,"z":-0.07423242181539536,"w":0.9204792380332947},"size":13.466364860534668,"orthographic":false}