{"cameraMode":{"drawMode":0,"name":"Shaded","section":"Shading Mode"},"sceneLighting":false,"audioPlay":false,"sceneViewState":{"showFog":true,"showMaterialUpdate":false,"showSkybox":false,"showFlares":true,"showImageEffects":true,"showParticleSystems":true},"in2DMode":false,"pivot":{"x":1.1737183332443238,"y":3.6351232528686525,"z":-0.001220703125},"rotation":{"x":0.04657253995537758,"y":0.9515381455421448,"z":-0.18201319873332978,"w":0.2434743046760559},"size":4.368793487548828,"orthographic":true}