{"cameraMode":{"drawMode":0,"name":"Shaded","section":"Shading Mode"},"sceneLighting":false,"audioPlay":false,"sceneViewState":{"showFog":false,"showMaterialUpdate":false,"showSkybox":false,"showFlares":false,"showImageEffects":false,"showParticleSystems":false},"in2DMode":false,"pivot":{"x":-110.48999786376953,"y":-0.5699999332427979,"z":-116.6500015258789},"rotation":{"x":0.2757128179073334,"y":-0.7033693194389343,"z":0.3502376973628998,"w":0.5537053346633911},"size":17.687339782714845,"orthographic":false}