{"cameraMode":{"drawMode":0,"name":"Shaded","section":"Shading Mode"},"sceneLighting":false,"audioPlay":false,"sceneViewState":{"showFog":true,"showMaterialUpdate":true,"showSkybox":false,"showFlares":true,"showImageEffects":true,"showParticleSystems":true},"in2DMode":false,"pivot":{"x":-41.279571533203128,"y":10.913902282714844,"z":-75.67579650878906},"rotation":{"x":0.3159089684486389,"y":-0.4689081013202667,"z":0.1842486411333084,"w":0.803979218006134},"size":17.53671646118164,"orthographic":false}