{"cameraMode":{"drawMode":0,"name":"Shaded","section":"Shading Mode"},"sceneLighting":false,"audioPlay":false,"sceneViewState":{"showFog":true,"showMaterialUpdate":true,"showSkybox":false,"showFlares":true,"showImageEffects":true,"showParticleSystems":true},"in2DMode":false,"pivot":{"x":329.1195373535156,"y":16.454242706298829,"z":-62.608741760253909},"rotation":{"x":-0.04983365908265114,"y":-0.9501506686210632,"z":0.21446813642978669,"w":-0.2207740694284439},"size":73.12582397460938,"orthographic":false}