{"cameraMode":{"drawMode":0,"name":"Shaded","section":"Shading Mode"},"sceneLighting":false,"audioPlay":false,"sceneViewState":{"showFog":true,"showMaterialUpdate":true,"showSkybox":false,"showFlares":true,"showImageEffects":true,"showParticleSystems":true},"in2DMode":false,"pivot":{"x":360.4318542480469,"y":6.214077949523926,"z":-31.930049896240236},"rotation":{"x":-0.11894272267818451,"y":-0.870146632194519,"z":0.25634872913360598,"w":-0.4037289321422577},"size":12.30852222442627,"orthographic":false}