{"cameraMode":{"drawMode":0,"name":"Shaded","section":"Shading Mode"},"sceneLighting":false,"audioPlay":false,"sceneViewState":{"showFog":true,"showMaterialUpdate":true,"showSkybox":false,"showFlares":true,"showImageEffects":true,"showParticleSystems":true},"in2DMode":false,"pivot":{"x":-147.94720458984376,"y":-4.45947265625,"z":-117.5771484375},"rotation":{"x":0.12845511734485627,"y":-0.053525153547525409,"z":0.006943392567336559,"w":0.9902464747428894},"size":6.251650810241699,"orthographic":true}