{"cameraMode":{"drawMode":0,"name":"Shaded","section":"Shading Mode"},"sceneLighting":false,"audioPlay":false,"sceneViewState":{"showFog":true,"showMaterialUpdate":true,"showSkybox":false,"showFlares":true,"showImageEffects":true,"showParticleSystems":true},"in2DMode":false,"pivot":{"x":-58.93495178222656,"y":14.3955717086792,"z":-18.58049774169922},"rotation":{"x":0.05409139767289162,"y":0.8379767537117004,"z":-0.08450114727020264,"w":0.5364068746566773},"size":3.4159278869628908,"orthographic":false}